date,realized_return,equity,prob,prob_signal,signal,target_exposure,exposure,turnover,cost_next_day,spread,spread_z,z_entry_dynamic,capital_weight,spread_ret,eurusd,usdinr,eurinr,implied_eurusd,retrained,trained_week,trained_through,n_train_rows
2026-07-08,,1.0,0.9953703681627909,1,1,1.6815786388684375,1.6815786388684375,1.6815786388684375,0.0005044735916605312,5.408839204479321e-05,0.550913266836948,0.08246661707969526,1.2043136155669487,-0.002864697213997294,1.141291856765747,95.54499816894531,109.04989624023438,1.1413459451577919,True,2026-W28,2026-07-07,2486
2026-07-09,-0.006484539359121821,0.9935154606408781,0.974271277586619,1,0,0.0,0.0,1.6815786388684375,0.0005044735916605312,-0.0044206527974557375,0.024791655525588742,0.08165199069111943,1.2036131065987734,-0.003556221296605775,1.1422044038772583,95.86180114746094,109.06999969482422,1.1377837510798026,False,2026-W28,2026-07-07,2486
2026-07-10,-0.0005044735916605312,0.9930142583280784,0.9953703681627909,1,1,1.6810061653599866,1.6810061653599866,1.6810061653599866,0.0005043018496079959,-0.0003078724502336705,0.5557445983500671,0.08165199069111943,1.2039036212765581,-0.003601561794327279,1.1419435739517212,95.37000274658203,108.87779998779297,1.1416357015014875,False,2026-W28,2026-07-07,2486
2026-07-13,-0.0020820467820810793,0.9909467561869658,0.9890158573786417,1,1,1.6777241763790753,1.6810061653599866,0.0,0.0,0.00018290879373172864,0.5851898664530627,0.08165199069111943,1.2059437017642005,-0.0009385717702797421,1.1385631561279297,95.62000274658203,108.88690185546875,1.1387460649216614,True,2026-W29,2026-07-10,2489
2026-07-14,0.0015461067571665608,0.9924788656626987,0.40169617533683777,0,0,0.0,0.0,1.6810061653599866,0.0005043018496079959,0.0002396958780046532,0.5636087711003055,0.08165199069111943,1.2096156282415123,0.0009197507951051821,1.1422044038772583,96.19000244140625,109.8917007446289,1.142444099755263,False,2026-W29,2026-07-10,2489
2026-07-15,-0.0005043018496079959,0.9919783567350481,0.9953051606814066,1,1,1.6785186536958538,1.6785186536958538,1.6785186536958538,0.0005035555961087561,0.000999914294850024,0.6814479851884974,0.08165199069111943,1.2021670275132015,-0.008711645551320707,1.1469204425811768,96.24500274658203,110.48159790039062,1.1479203568760268,False,2026-W29,2026-07-10,2489
2026-07-16,-0.005493879453806612,0.9865285472223605,0.9953051606814066,1,1,1.6877201354664277,1.6785186536958538,0.0,0.0,-9.81149134817727e-05,0.5438199763172983,0.08165199069111943,1.2087571943632935,-0.00297305236775885,1.1445575952529907,96.33499908447266,110.25150299072266,1.144459480339509,False,2026-W29,2026-07-10,2489
2026-07-17,-0.005017524781136988,0.9815786157893732,0.9953051606814066,1,1,1.683948306276925,1.6785186536958538,0.0,0.0,-0.0003235973478845633,0.5368685500917618,0.08165199069111943,1.2060557834048582,-0.002989257682712747,1.1445575952529907,96.2699966430664,110.15540313720703,1.1442339979051062,False,2026-W29,2026-07-10,2489
2026-07-20,-0.0066151149077206374,0.9750853604549652,0.9791319568951925,1,1,1.708140441956622,1.6785186536958538,0.0,0.0,6.960560770341573e-05,1.0817344190779667,0.07663562618813516,1.2348251062803048,-0.0039410434272834065,1.1416828632354736,96.43499755859375,110.10489654541016,1.141752468843177,True,2026-W30,2026-07-17,2494
2026-07-21,0.0014165799623860923,0.9764666468382018,0.06808073880771796,0,0,0.0,0.0,1.6785186536958538,0.0005035555961087561,-0.0016592025634205587,0.548079215454483,0.07663562618813516,1.2379011223215324,0.0008439465115666063,1.1418131589889526,96.4896011352539,110.01300048828125,1.140153956425532,False,2026-W30,2026-07-17,2494
2026-07-22,-0.0005035555961087561,0.975974941593773,0.9755759835243225,1,1,1.7255759835243225,1.7255759835243225,1.7255759835243225,0.0005176727950572967,5.078071134434481e-05,1.0455949598574665,0.08165199069111943,1.25,-0.0014986293272831572,1.1410315036773682,96.55500030517578,110.17720031738281,1.1410822843887125,False,2026-W30,2026-07-17,2494
2026-07-23,-0.0036744403410249706,0.9723887798965514,0.9886557658513387,1,1,1.7386557658513389,1.7255759835243225,0.0,0.0,-0.0002874369537226862,1.0989659466356188,0.08165199069111943,1.25,-0.0018293993287506706,1.1383039951324463,96.56300354003906,109.89029693603516,1.1380165581787236,False,2026-W30,2026-07-17,2494
2026-07-24,-0.0006081155012585553,0.9717974552062463,0.9791319568951925,1,1,1.7291319568951924,1.7255759835243225,0.0,0.0,-0.00032945600399236774,1.062351284878304,0.08246661707969526,1.25,-0.0003524130534179886,1.1375269889831543,96.552001953125,109.79869842529297,1.137197532979162,False,2026-W30,2026-07-17,2494
2026-07-27,-0.006650251831540883,0.9653347573998742,0.9827461441357931,1,1,1.7327461441357932,1.7255759835243225,0.0,0.0,4.866875129572179e-06,1.2301630732959006,0.08246661707969526,1.25,-0.0038539316118426643,1.137268304824829,95.9000015258789,109.06449890136719,1.1372731716999587,True,2026-W31,2026-07-24,2499
2026-07-28,-0.00516278336316182,0.9603509431744883,0.9780599474906921,1,1,1.7280599474906921,1.7255759835243225,0.0,0.0,0.00011243042593833685,1.2574211923915166,0.08165199069111943,1.25,-0.0029919188795252774,1.1388224363327026,95.84200286865234,109.15779876708984,1.138934866758641,False,2026-W31,2026-07-24,2499
2026-07-29,-0.0020162756824017715,0.958414610921194,0.9724219838778178,1,1,1.7224219838778176,1.7255759835243225,0.0,0.0,0.0020938467490334567,1.6969062920136568,0.08165199069111943,1.25,-0.0011684653134101477,1.1386538743972778,95.59870147705078,109.05400085449219,1.1407477211463113,False,2026-W31,2026-07-24,2499
2026-07-30,0.005810653046197646,0.9639836256996636,0.8623056809107462,1,1,1.612305680910746,1.7255759835243225,0.0,0.0,-0.0017675949539166513,0.328139553048712,0.08165199069111943,1.25,0.0033673701428840867,1.1467232704162598,95.72859954833984,109.6050033569336,1.1449556754623431,False,2026-W31,2026-07-24,2499
2026-07-31,-0.0030505452966696238,0.9610429499842189,0.9740916887919108,1,1,1.7240916887919109,1.7255759835243225,0.0,0.0,0.0002702629639987908,0.96165660456928,0.08246661707969526,1.25,-0.0017678417675002518,1.1527377367019653,95.37999725341797,109.9738998413086,1.1530079996659641,False,2026-W31,2026-07-24,2499
2026-08-03,-0.0012223789366355906,0.959868191324956,0.973528246084849,1,1,1.723528246084849,1.7255759835243225,0.0,0.0,-4.795034197679904e-05,0.8338111579763912,0.08246661707969526,1.25,-0.0007083889369733806,1.1512778997421265,95.3270034790039,109.74330139160156,1.1512299494001497,True,2026-W32,2026-07-31,2504
2026-08-04,-0.0012728137946151762,0.9586464578500253,0.9874171415964762,1,1,1.737417141596476,1.7255759835243225,0.0,0.0,-0.0007277755861208046,0.5901810865764785,0.08246661707969526,1.25,-0.0007376167765244257,1.150734782218933,95.33159637451172,109.63200378417969,1.1500070066328123,False,2026-W32,2026-07-31,2504
2026-08-05,-0.0009660235149523893,0.9577203828292165,0.9874171415964762,1,1,1.737417141596476,1.7255759835243225,0.0,0.0,-8.07266890869851e-05,0.7560068721588842,0.08572871543610841,1.25,-0.0005598267037649536,1.1558021306991577,95.10700225830078,109.91719818115234,1.1557214040100707,False,2026-W32,2026-07-31,2504
2026-08-06,0.004333966479483234,0.9618711108651161,0.876232902208964,1,1,1.6262329022089639,1.7255759835243225,0.0,0.0,-0.0004543312991933668,0.4526433344112469,0.08572871543610841,1.25,0.002511605702016973,1.1557353734970093,95.07730102539062,109.84100341796875,1.155281042197816,False,2026-W32,2026-07-31,2504
2026-08-07,-0.0005759288406313451,0.9613171415513988,0.9922480583190918,1,1,1.7422480583190918,1.7255759835243225,0.0,0.0,-6.843657311517148e-05,0.5730212977774751,0.08572871543610841,1.25,-0.0003337603479245614,1.156203031539917,95.197998046875,110.06169891357422,1.1561345949668018,False,2026-W32,2026-07-31,2504
2026-08-10,-0.004066702189532742,0.9574077510270164,0.9914529919624329,1,1,1.7414529919624329,1.7255759835243225,0.0,0.0,-4.136697084144991e-05,0.6476982693986246,0.08572871543610841,1.25,-0.0023567215980990273,1.1546010971069336,95.29000091552734,110.01799774169922,1.1545597301360921,True,2026-W33,2026-08-07,2509
2026-08-11,-0.008634288765446616,0.9491412160383723,0.995327095190684,1,1,1.745327095190684,1.7255759835243225,0.0,0.0,2.0997069019035308e-05,0.7403827973627786,0.09722857368751538,1.25,-0.005003714033972538,1.1544678211212158,95.42500305175781,110.16709899902344,1.1544888181902349,False,2026-W33,2026-08-07,2509
2026-08-12,-0.002737780886155082,0.9465426753588405,0.995327095190684,1,1,1.745327095190684,1.7255759835243225,0.0,0.0,-0.0003612029587174437,0.5622100352345479,0.10088772895358433,1.25,-0.001586589586488929,1.1528706550598145,95.31999969482422,109.8572006225586,1.152509452101097,False,2026-W33,2026-08-07,2509
2026-08-13,0.00012192389843829565,0.9466580815318584,0.05441240842143694,0,0,0.0,0.0,1.7255759835243225,0.0005176727950572967,-0.000313405646711562,0.5083145575495569,0.1063092360103782,1.25,7.065692823869619e-05,1.15340256690979,95.43000030517578,110.03929901123047,1.1530891612630785,False,2026-W33,2026-08-07,2509
2026-08-14,-0.0005176727950572967,0.9461680223968282,0.995327095190684,1,1,1.745327095190684,1.745327095190684,1.745327095190684,0.0005235981285572051,-0.00018396723446945096,0.5184750088554033,0.10914163258163616,1.25,-0.0008227348008116568,1.157273530960083,95.41500091552734,110.40370178222656,1.1570895637256136,False,2026-W33,2026-08-07,2509
2026-08-17,-0.0012443854501477704,0.9449906246763624,0.9953488310178121,1,1,1.7453488310178122,1.745327095190684,0.0,0.0,-3.2003383406919994e-05,0.5631494367040044,0.10914163258163616,1.25,-0.0004129812248814118,1.158077597618103,95.59200286865234,110.69989776611328,1.158045594234696,True,2026-W34,2026-08-14,2514
2026-08-18,-0.05551982037885322,0.8925249149346305,0.9953488310178121,1,1,1.7453488310178122,1.745327095190684,0.0,0.0,-0.00015417584802257522,0.3692892926340665,0.10914163258163616,1.25,-0.031810553180455524,1.1579434871673584,95.66999816894531,110.76570129394531,1.1577893113193358,False,2026-W34,2026-08-14,2514
2026-08-19,-0.002590820967459708,0.8902125426710377,0.9953488310178121,1,1,3.4906976620356245,3.4906976620356245,1.7453705668449404,0.000523611170053482,-0.00024577555771609916,0.368386685630687,0.10914163258163616,2.5,-0.0014844329034934569,1.1680878400802612,95.74299621582031,111.81269836425781,1.1678420645225451,False,2026-W34,2026-08-14,2514
2026-08-20,-0.007291209610506877,0.8837218164245209,0.9953488310178121,1,1,3.4906976620356245,3.4906976620356245,0.0,0.0,-0.0005000410572850722,0.3419857891984785,0.1063092360103782,2.5,-0.0019387523915510984,1.1684973239898682,95.69499969482422,111.77149963378906,1.167997282932583,False,2026-W34,2026-08-14,2514
2026-08-21,0.011964848843505248,0.8942954143777482,0.8576006889343262,1,1,2.8261991495278997,2.8261991495278997,0.6644985125077247,0.00019934955375231742,-0.0016396363069801634,0.1643972774311996,0.1063092360103782,2.5,0.003427638255135469,1.1687841415405273,95.77220153808594,111.77999877929688,1.1671445052335472,False,2026-W34,2026-08-14,2514
2026-08-24,-0.0037112961487947484,0.8909764192504832,0.9724987149238586,1,1,3.4449974298477173,3.4449974298477173,0.6187982803198175,0.00018563948409594524,-0.00018964856059344726,0.3267577674340954,0.1063092360103782,2.5,-0.001242639463545618,1.1668611764907837,95.73500061035156,111.69129943847656,1.1666715279301902,True,2026-W35,2026-08-21,2519
